index,title,number,description
0,The Computing Technology Inside Your Smartphone,1210,"The organization of the computer system found within devices used in everyday living, such as smartphones and tablets. Computer systems are presented in a bottom up fashion, from bits to digital logic, computer organization, instruction sets, assembly language, and the connection to high-level languages. Discussion of the computing engines found in smart phones, tablets, and wearables."
1,Introduction to Circuits for Electrical and Computer Engineers,2100,"This course is an introduction to electronic circuits. We start with the basic quantities used to characterize circuit operation (like current, voltage, and power) and then enforce several physical laws to form the basis of our approach to circuit analysis. Networks comprising passive circuit elements such as resistors, inductors, and capacitors will be examined under constant dc, transient, and sinusoidal steady-state conditions. Active components including transistors and Op-Amps will be introduced and used to build simple amplifiers and switching power converters. Many of these ideas will be unified mathematically through the use of Laplace transforms and associated transfer functions. In the lab part of the course, we will learn how to use modern instruments to test circuits, and explore the concepts from lecture applied to real circuits. Finally, we will develop some simple modeling software in MATLAB to numerically predict the results from analysis and experiment."
2,Signals and Information,2200,"Introduction to signal processing. Topics include frequency-based representations: Fourier analysis and synthesis; discrete time linear systems: input/output relationships, filtering, spectral response; analog-to-digital and digital-to-analog conversion; continuous time signals and linear time invariant systems: frequency response and continuous-time Fourier transform."
3,Digital Logic and Computer Organization,2300,"This course provides an introduction to the design and implementation of digital circuits and microprocessors. Topics include transistor network design, Boolean algebra, combinational circuits, sequential circuits, finite state machine design, processor pipelines, and memory hierarchy. Design methodology using both discrete components and hardware description languages is covered in the laboratory portion of the course."
4,Embedded Systems,3140,"An introduction to the design of embedded systems, with an emphasis on understanding the interaction between hardware, software, and the physical world. Topics covered include assembly language programming, interrupts, I/O, concurrency management, scheduling, resource management, and real-time constraints."
5,Introduction to Microelectronics,3150,"This is a comprehensive undergraduate level course on microelectronics. Topics covered include basic semiconductor physics, electrons and holes in semiconductors, electrical transport in semiconductors, PN junctions and diodes, photodetectors and solar cells, Metal-Oxide-Semiconductor (MOS) capacitors, MOS field effect transistors (FETs), bipolar junction transistors (BJTs), large signal and small signal models of electronic devices, single stage amplifiers, multistage amplifiers, differential amplifiers, analog circuit analysis and design, high-frequency models of devices, high-frequency circuit analysis, digital logic and MOS logic devices, complimentary MOS (or CMOS) logic gates, fundamental trade-offs in high speed analog and digital circuit design. The coursework includes labs and a final project."
6,Intelligent Physical Systems,3400,"Students will engage in a holistic design approach to Intelligent Physical Systems which can perceive, reason about, and act upon their environment. This course will expand on the ECE 2000-level courses, and include topics on algorithms, field programmable gate arrays, wireless communication, sensors, actuators, power, and mechanics. Students will learn the value and trade-offs between theory, simulation, and physical implementations, and gain familiarity with rapid prototyping techniques, system debugging, team work, leadership skills, time management, and how to disseminate work to a broader audience through wiki-pages."
7,Ethical Issues in Engineering Practice,3600,"Studies ethical issues involved in engineering practice. Explores the engineer's role in technical decision-making in organizations. Considers the engineer's relationship to the uses of technology in society, especially emerging technologies. Case studies covered include the Space Shuttle Challenger, the Space Shuttle Columbia, The Macondo Well Blowout, The Ford Pinto Case, The VW Emissions scandal, the Tesla Automatic Driving accident, Three Mile Island, Chernobyl, Fukushima, and the Bhopal case, among others. Technology topics considered include brain-machine interface, human enhancement, genetic engineering, intelligent autonomous systems, privacy and surveillance, energy technologies, and environmental issues, among others. Codes of ethics in engineering, ethical theory, philosophical models of knowledge production, and sociological models of human and technological agency are introduced to analyze these issues."
8,Physics of Semiconductors and Nanostructures,4070,"Covers basic solid state and semiconductor physics relevant for understanding electronic and optical devices. Topics include crystalline structures, bonding in atoms and solids, energy bands in solids, electron statistics and dynamics in energy bands, effective mass equation, carrier transport in solids, Boltzmann transport equation, semiconductor homo- and hetero-junctions, optical processes in semiconductors, electronic and optical properties of semiconductor nanostructures, semiconductor quantum wells, wires, and dots, electron transport in reduced dimensions, semiconductor lasers and optoelectronics, high-frequency response of electrons in solids and plasmons."
9,Autonomous Mobile Robots,4180,"Creating robots capable of performing complex tasks autonomously requires one to address a variety of different challenges such as sensing, perception, control, planning, mechanical design, and interaction with humans. In recent years many advances have been made toward creating such systems, both in the research community (different robot challenges and competitions) and in industry (industrial, military, and domestic robots). This course gives an overview of the challenges and techniques used for creating autonomous mobile robots. Topics include sensing, localization, mapping, path planning, motion planning, obstacle and collision avoidance, and multi-robot control."
10,Digital Signal and Image Processing,4250,"Introduces statistical signal processing. Signal representation and manipulation are covered via correlation and using the DFT/FFT to estimate other transforms; applications of these topics are then covered, including quantization, quantization effects in digital filters, multirate DSP, filter banks, delta-sigma modulation, power spectrum estimation, and introductions to Wiener and Kalman filtering and image processing."
11,Lasers and Optoelectronics,4300,"Introduction to the operation, physics, and application of lasers. The course covers diffraction-limited optics, Gaussian beams, optical resonators, the interaction of radiation with matter, stimulated emission, rate equations, and laser design. Examples of coherent radiation to nonlinear optics, communication, and leading-edge research are frequently used.  Course concludes with a lab where students design and then build a laser."
12,Integrated Micro Sensors and Actuators: Bridging the Physical and Digital Worlds,4320,"Introduction to micro and nano devices that allow the digital world to both sense and actuate in the physical world. Design and analysis of modern MEMS/NEMS (Micro/Nano Electromechanical Systems) touch, accelerometers, gyroscopes, pressure, microphones, neural probe sensors. Design and analysis of electrostatic, piezoelectric, thermal, and magnetic actuators for frequency control and micro robotic applications. This is an interdisciplinary course drawing from mechanics, materials, solid state devices, CMOS electronics, and micro and nano fabrication. The students design, fabricate, and test a microsensor chip to implement class concepts."
13,Nanofabrication and Characterization of Electronics,4360,"This course will give an introduction to modern nanofabrication technologies with emphasis on integrated circuits manufacturing. Thermal budget, scaling of geometry, pitch and registry and control of parametric yield will be used for integration guidelines. Physical principles and process modeling will be covered in lectures and labs will include a series of fabrication steps of lithography, metallization, plasma etching and annealing to produce semiconductor devices (Schottky diodes, pn junction diodes, MOS capacitors, and MOSFETs). Recent advances in nanofabrication will be briefly reviewed for their possible technology insertion and main integration challenges."
14,Nanofabrication and Characterization of Electronics Laboratory,4361,"This course provides an introduction to nanofabrication technologies with emphasis on Si-based integrated circuits manufacturing as well as modern electronics based on GaN, 2D materials etc. The lab, primarily taught in the Cornell Teaching Cleanroom, includes basic fabrication steps of lithography, metallization, plasma etching and annealing. A series of devices will be fabricated: solar cells, MOS capacitors and transistors, 2D transistors, GaN HEMTs and LEDs."
15,Power Systems and Market Operations,4520,"Examines the operations of electric power systems, the smart grid, and electricity markets. Topics include modeling of power systems, power flow analysis, economic dispatch, optimal power flow, unit commitments, electricity markets, demand response, smart grid technology, and transactive energy."
16,Digital Communication System Design,4670,"The goal of this course is to understand how state-of-the-art digital communication systems are designed and why they are designed in the way they are. The course will cover communication theory, transceiver algorithms that enable reliable communication, wireless channels, and modern communication standards (such as 3GPP LTE and WiFi). The students will design a working audio-band communication system that relies on orthogonal frequency-division multiplexing (OFDM)."
17,Introduction to Digital (VLSI) Design,4740,"Course is equal parts analytical and real-world practical design. Analytical topics include basic transistor physics, switching behavior of transistors, interconnect modelling, combinational and sequential logic, memories, timing analysis, optimization, computer arithmetic, and architecture transforms. Practical topics include routing strategies, floor planning and other application/specification-driven decision-making considerations for the multi-variate CMOS digital design space. Emphasis will be on full-custom design using Cadence. Supervised access to Phillips 314 will be offered, but course can be completed remotely."
18,Digital Systems Design Using Microcontrollers,4760,"Design of real-time digital systems using microprocessor-based embedded controllers. Students working in pairs design, debug, and construct several small systems that illustrate and employ the techniques of digital system design acquired in previous courses. The content focuses on the laboratory work. The lectures are used primarily for the introduction of examples, description of specific modules to be designed, and instruction in the hardware and high-level design tools to be employed."
19,Introduction to Controlled Fusion: Principles and Technology,4840,Introduction to the physical principles and various engineering aspects underlying power generation by controlled fusion. Topics include fuels and conditions required for fusion power and basic fusion-reactor concepts; fundamental aspects of plasma physics relevant to fusion plasmas and basic engineering problems for a fusion reactor; and an engineering analysis of proposed magnetic and/or inertial confinement fusion-reactor designs.
20,Principles of Neurophysiology,4910,"Laboratory-oriented course designed to teach the concepts and tools of cellular neurophysiology through hands-on experience with extracellular and intracellular electrophysiological techniques, and computer acquisition and analysis of laboratory results. Students explore signal transmission in the nervous system by examining the cellular basis of resting and action potentials, and synaptic transmission and optogenetic control of behavior and physiology. Lecture time is used to review nervous system physiology, introduce laboratory exercises, discuss lab results and primary research papers, and for presentation of additional experimental preparations and methods. Invertebrate preparations are used as model systems. BIONB4910 website"
21,ECE Technical Writing,4920,"Technical writing aimed at having students write up their ECE projects in a formal fashion, with a view to publication. Projects may be existing, or may be created as part of the independent study, but the writing requirement will match the current College technical writing requirement."
22,Special Topics in Electrical and Computer Engineering,4950,"Seminar, special interest, or temporary course."
23,Special Topics in Electrical and Computer Engineering,4960,"Seminar, special interest, or temporary course."
24,Supervised Teaching Experience,4980,"This course is designed to give qualified undergraduates experience through actual involvement in planning and teaching courses under the supervision of department faculty. Students cannot receive both pay and credit for the same hours of preparation and teaching. Enrollment is with permission of instructor only. One credit of ECE 4980 is equivalent to 5 weekly work hours, including both student contact hours and preparatory/other time."
25,International Research Internship,4990,"Seminar, special interest, or temporary course."
26,Electrical and Computer Engineering Group Projects,4998,"Group study, analysis, and, usually, experimental tests in connection with a special engineering project chosen by the students after consultation with the faculty member directing the project. New projects are added upon faculty request. Written progress reports are required."
27,Electrical and Computer Engineering Independent Projects,4999,Individual study or directed reading in connection with a special engineering problem chosen by the student after consultation with the faculty member directing the project. An engineering report on the project is required. Students must make individual arrangements with a faculty sponsor.
28,Systems Analysis Behavior and Optimization,5130,"This is an advanced course in the application of analytical methodologies and tools to the analysis and optimization of complex systems. On completion of this course, students should be able to use probability and statistics as a modeling and analysis tool for systems exhibiting uncertainty; be able to use algorithms and dynamic programming to model and optimize systems with a recursive structure; be able to use optimization tools to optimize complex systems and tune parameters."
29,Theory of Linear Systems,5210,"State-space and multi-input-multi-output linear systems in discrete and continuous time. The state transition matrix, the matrix exponential, and the Cayley-Hamilton theorem. Controllability, observability, stability, realization theory. At the level of Linear Systems by Kailath."
30,Intelligent Autonomous Systems,5242,"How can intelligent machines perceive, make decisions, and execute their plans in an uncertain, dynamic world? This course will cover algorithms for robotic perception, planning, and control with a focus on real-time adaptation and learning. Students should have prior experience with methods in signal processing and machine learning. Topics covered include probabilistic methods for scene segmentation, multimodal sensory integration, latent variable models for dynamical systems, path planning, and reinforcement learning for motor control."
31,Quantum Optics for Photonics and Optoelectronics,5310,"This is a graduate level course on quantum optics. Topics covered include density matrices, semi-classical light matter interactions, Rabi oscillations, electromagnetically induced transparency and interference effects, dressed states, quantization of fields in cavity and free space, properties of photons, field commutation relations, number states, coherent states, quadrature and amplitude-phase squeezed states, vacuum fluctuations, matter-photon interactions, stimulated and spontaneous emission processes, classical/quantum descriptions of photon detection, coherent homodyne and heterodyne detection, coherence functions, cavity quantum optics and microcavity effects in spontaneous emission, cavity quantum optics in strong coupling and weak coupling limits, generation of quantum states of light, phase sensitive and phase insensitive optical amplifiers, parametric amplifiers, fundamental performance limits of optical amplifiers, photon statistics and characteristic functions, laser oscillators, numberand phase characteristics of laser light, parametric oscillators and squeezing, quantum opto-mechanics, opto-mechanical cooling and squeezing, noise penalty in simultaneous detection of two non-commuting field quadratures, bit error rates in optical communication systems, classical and quantum information and information carrying capacity of quantum states of light, quantum communications."
32,Developing and Designing Interactive Devices,5413,"This course provides an introduction to the human-centered and technical workings behind interactive devices ranging from cell phones and video controllers to household appliances and smart cars. This is a hands-on, lab-based course. For the final project, students will build a functional IoT prototype of their own design, using Javascript, single-board Linux computer, embedded microcontrollers, and other electronic components. Topics include electronics prototyping, interface prototyping, sensors and actuators, microcontroller development, physical prototyping, and user testing."
33,Advanced Analog VLSI Circuit Design,5540,"Advanced analog integrated circuit and system design. Topics include integrated continuoustime filter design, translinear circuits and systems, dynamic analog techniques, integrated discrete-time filter design, and Nyquist-rate data converter design."
34,Stochastic Systems: Estimation and Control,5555,"The problem of sequential decision making in the face of uncertainty is ubiquitous. Examples include: dynamic portfolio trading, operation of power grids with variable renewable generation, air traffic control, livestock and fishery management, supply chain optimization, internet ad display, data center scheduling, and many more. In this course, we will explore the problem of optimal sequential decision making under uncertainty over multiple stages - stochastic optimal control. We will discuss different approaches to modeling, estimation, and control of discrete time stochastic dynamical systems (with both finite and infinite state spaces) over finite horizons. Solution techniques based on dynamic programming will play a central role in our analysis. Topics include: Fully and Partially Observed Markov Decision Processes, Linear Quadratic Gaussian control, Bayesian Filtering, and Approximate Dynamic Programming. Applications to various domains will be discussed throughout the semester."
35,Fundamentals of Data Compression,5620,Fundamental limits and practical algorithms for data compression. Entropy and other information measures. Variable and ﬁxed-length lossless and lossy source codes. Universal compression. Single-source and network conﬁgurations. Applications to text and multimedia compression.
36,Datacenter Computing,5710,"The course provides a strong foundation for students to understand the entire system stack in cloud computing systems today, from hardware to OS, resource management, and application frameworks, as well as considerations such as reliability, privacy, and security. The course consists of a mix of lectures and discussions of the latest papers in datacenter design and management. Topics include, but are not limited to: server design, hardware accelerators, cloud OS, cluster management, distributed programming frameworks, microservices, serverless computing, and cloud security and privacy."
37,Introduction to Parallel Computing,5720,"Course covers introduction to parallel computing in disciplines where parallel computing is required either to solve problems in real time, perform large scale simulations, or analyze big data sets. The course will present essential approaches to parallel solutions for shared memory, distributed memory, and hybrid environments. Students will be expected to design, implement and evaluate application programs using OpenMP, MPI and NVIDIA CUDA systems."
38,Design with Embedded Operating Systems,5725,"Design of microcontroller based systems using embedded Linux. Student teams design and debug example solutions on a target microcontroller (for example, Raspberry Pi) during lab sessions. Emphasis will be on application and Linux programming skills, processor and microcontroller architecture with some discussion of hardware interfaces. Students create a final, end-ofsemester project using the microcontroller platform and development techniques discussed during the semester."
39,Embedded Systems Laboratory,5727,"This Master's level laboratory course covers how to interface real world sensors and actuators to embedded microprocessor systems. Concepts needed for building electronic systems for real-time operation and user interaction, such as digital input/outputs, analog-to-digital conversion, interrupt service routines, communications, and event-driven programming will be covered. The course will conclude with a student-designed final project demonstration and presentation."
40,Complex Digital ASIC Design,5745,"Principles and practices involved in the design, implementation, testing, and evaluation of complex standard-cell ASIC chips using automated state-of-the-art CAD tools. Topics include hardware description languages; CMOS logic, state, and interconnect fundamentals; chip design methodologies; automated cell-based design; CAD algorithms; details of accurately modeling ASIC delay, energy, and area; robustness issues; testing, verification, and debugging; power distribution and clocking; packaging and I/O. Includes a six-week open ended project where small groups of students design, implement, test, and evaluate an interesting technique in computer architecture using functional-, microarchitectural-, registertransfer-, and layout-level modeling."
41,Autonomous Mobile Robots,5772,"Creating robots capable of performing complex tasks autonomously requires one to address a variety of different challenges such as sensing, perception, control, planning, mechanical design, and interaction with humans. In recent years many advances have been made toward creating such systems, both in the research community (different robot challenges and competitions) and in industry (industrial, military, and domestic robots). This course gives an overview of the challenges and techniques used for creating autonomous mobile robots. Topics include sensing, localization, mapping, path planning, motion planning, obstacle and collision avoidance, and multi-robot control."
42,Computer Analysis of Biomed Images,5780,"Powerful imaging modalities with attending computer image processing methods are evolving for the evaluation of health and the detection of disease. This course focuses on the quantitative analysis of such images and Computer Aided Diagnosis (CAD), i.e., the automatic identification and classification of abnormalities by the computer."
43,Energy Seminar II,5880,"Energy resources, their conversion to electricity or mechanical work, and the environmental consequences of the energy cycle are discussed by faculty members from several departments in the university and by outside experts. Topics include energy resources and economics; coal-based electricity generation; nuclear reactors; solar power; energy conservation by users; and air pollution control."
44,Advanced Topics in Electrical and Computer Engineering,5960,"Seminar, special interest, or temporary course."
45,Special Topics in Electrical and Computer Engineering,5970,"Seminar, special interest, or temporary course."
46,MEng Technical Internship,5999,"This course offers M.Eng. students the opportunity to receive credit for ECE relevant work occurring as part of a summer (or semester) internship. Normally taken in the semester following the internship, students in the course will be required to write a detailed report describing the ECE related technical work performed during internship."
47,Bio-inspired Coordination of Multi-Agent Systems,6680,"Autonomous multi-agent systems are becoming an integral part of our daily lives with thousands of robots and drones operating in places from warehouses to entertainment lightshows. With robot costs dropping to mainstream consumer levels, the current technological wave is driven by industry, researchers, and ambitious hobbyists, and spans applications in autonomous vehicles, construction, agriculture, and more. With this eminent technological revolution, it is critical that we look beyond robots working efficiently in parallel, and towards actual swarm intelligence for superior system ability and robustness beyond the sum of its parts. As a proof of concept, natural swarms exhibit efficient, error tolerant, and adaptive properties far beyond the individual scope. Beyond serving as an introduction to research, reading and review of scientific papers, this course also offers insights into both biology and the systems they have inspired."
48,Multivariable Control Theory,6780,"Introduction to multivariable feedback control theory in both time and frequency domain. Topics include model-based control, performance limitations, Linear Quadratic and H-infinity optimal control, control synthesis vis convex optimization, and model predictive control. Additional topics at the discretion of the instructor."
49,Master of Engineering Design Project II,6931,"Two-semester Design Project: must enroll in both semesters; students will receive a letter grade for each individual semester. For students enrolled in M.Eng. (Electrical and Computer Engineering) degree program. Uses real engineering situations to present fundamentals of engineering design. Each professor is assigned a section for the fall and spring. Students who do not complete the Design Project in the spring receive a grade only for the work completed up to the point of the required submission date, which is the last day of Finals Week. Students must then enroll for the summer with the ECE M.Eng. director to complete the work remaining for the design project."
50,Graduate Topics in ECE,6970,"Seminar, special interest, or temporary course."
51,Graduate Topics in Electrical and Computer Engineering,6980,"Seminar, special interest, or temporary course."
52,Thesis Research,7920,"For students enrolled in master's or doctoral program. Each professor is assigned a section number. To register, see roster for appropriate six-digit course ID numbers."
53,Introduction to Circuits for Electrical and Computer Engineers,2100,"This course is an introduction to electronic circuits. We start with the basic quantities used to characterize circuit operation (like current, voltage, and power) and then enforce several physical laws to form the basis of our approach to circuit analysis. Networks comprising passive circuit elements such as resistors, inductors, and capacitors will be examined under constant dc, transient, and sinusoidal steady-state conditions. Active components including transistors and Op-Amps will be introduced and used to build simple amplifiers and switching power converters. Many of these ideas will be unified mathematically through the use of Laplace transforms and associated transfer functions. In the lab part of the course, we will learn how to use modern instruments to test circuits, and explore the concepts from lecture applied to real circuits. Finally, we will develop some simple modeling software in MATLAB to numerically predict the results from analysis and experiment."
54,Digital Logic and Computer Organization,2300,"This course provides an introduction to the design and implementation of digital circuits and microprocessors. Topics include transistor network design, Boolean algebra, combinational circuits, sequential circuits, finite state machine design, processor pipelines, and memory hierarchy. Design methodology using both discrete components and hardware description languages is covered in the laboratory portion of the course."
55,Computer Systems Programming,2400,"Computer systems programming involves developing software to connect the low-level computer hardware to high-level, user-facing application software. This course will provide a strong foundation in the principles, practices, and art of computer systems programming using the C and C++ programming languages. Students will learn procedural programming in C and how to theoretically analyze and practically implement basic data structures and algorithms. Students will transition to C++ to explore object-oriented, generic, functional, and concurrent programming before exploring advanced data structures and algorithms involving trees, tables, and graphs. Students will explore systems programming using the POSIX standard library. The course includes a series of programming assignments for students to put the principles they have learned into practice. For more information, see http://ece2400.ece.cornell.edu."
56,Data Science for Engineers,2720,"An introduction to data science for engineers. The data science workflow: acquisition and cleansing, exploration and modeling, prediction and decision making, visualization and presentation. Techniques for different steps in the workflow including outlier detection, regression, change-point detection, and classification. An introduction to probability, focusing on Gaussian distributions and linear models. Methods for combining domain-agnostic data analysis tools with the types of domain-specific knowledge that are common in engineering. Programming projects in Python."
57,Inventing an Information Society,2980,"Provides an introduction to the role computing and information technologies played in political public life, from tabulating machines used to calculate the census to Big Tech's impact on democratic procedures, the future of labor, and the environment. Though organized around four thematic units (Recognizing and Representing, Knowing, Working, and Belonging), the course pays attention to the chronological trajectory of technologies and political practices and students will develop the skills necessary for historical analysis. While focusing on the US experience the course also highlights the international flow of labor, materials, and ideas. By studying the development of computing historically, we will grapple with the effects of computing and data sciences on society today, paying special attention to critiques of economic, racial, and gender injustice. The course will meet twice a week, and each meeting will include a lecture followed by a discussion."
58,Electromagnetic Fields and Waves,3030,"Covers static, quasi-static, and dynamic electromagnetic fields and waves. Topics include Maxwell's equations (integral and differential forms), fields of charge and current distributions, boundary conditions, fields near conductors, method of images, material polarization and dielectrics; energy, work, and power in electromagnetic systems; wave propagation and polarization, waves in media (dielectrics, conductors, and anisotropic materials); reflection, transmission, and refraction at media interfaces; guided waves in transmission lines, Smith charts, transients; metallic and dielectric waveguides; radiation and antennas, antenna arrays, electric circuits for transmission and reception, aperture antennas and diffraction."
59,Mathematics of Signal and System Analysis,3250,"Course aims to deepen students' working knowledge of mathematical tools relevant to ECE applications. While the course emphasizes fundamentals, it also provides an ECE context for the topics it covers, which include foundational material about sets and functions; modular arithmetic and public-key cryptography; inner products, orthogonal representations, and Fourier analysis; LTI systems as mappings on function spaces; sampling and interpolation; singular-value decomposition; and, as time permits, an introduction to wavelets and elementary convex analysis."
60,Intelligent Physical Systems,3400,"Students will engage in a microcontroller-based approach to building a robot which can perceive and act upon its environment. This course will expand on the ECE 2000-level courses, and include topics on microcontrollers, sensors, motors & actuators, and circuit & software debugging. Students will learn the value and trade-offs between theory/simulation and physical implementations, and gain familiarity with teamwork, leadership skills, time management, and how to disseminate work to a broader audience through wiki-pages."
61,Quantum Physics and Engineering,4060,"Introduction to quantum physics and engineering for advanced undergraduate and beginning graduate students. Topics covered include historical developments, quantum postulates, Schrodinger equation, quantum states and observables, measurement in quantum mechanics, quantum confined states in potential wells and atoms, quantum tunneling, uncertainty relations, Dirac notation, angular momentum and spin, quantum dynamics, time-independent and time-dependent perturbation theories, quantum two-level systems, quantum information and the qubit, quantum computation and quantum circuits, identical particles, quantum statistics for fermions and bosons, fundamentals of quantum statistical physics, quantization of light and the photon, quantization of simple mechanical and electrical superconducting circuits. The course will enable students to take advanced courses in areas related to electronic and optical devices, solid state physics and material science, and quantum information and computation."
62,Random Signals in Communications and Signal Processing,4110,"Introduction to models for random signals in discrete and continuous time; Markov chains, Poisson process, queuing processes, power spectral densities, Gaussian random process. Response of linear systems to random signals. Elements of estimation and inference as they arise in communications and digital signal processing systems."
63,Introduction to Nuclear Science and Engineering,4130,"For undergraduate students interested in nuclear energy. Topics are presented at the level of the course text: Lamarsh and Baratta, Introduction to Nuclear Engineering, 4th ed. and include the fundamentals of nuclear science and engineering: nuclear structure, radioactivity, and reactions; interaction of radiation with matter; radiation protection and shielding; the neutron chain reaction and its control; light water reactors, isotope separation, fuel reprocessing, and waste disposal; heat transfer, accidents, atmospheric dispersion; and reactor licensing and safety."
64,Fundamentals of Machine Learning,4200,"The course will be devoted to understanding, implementation, and applications of various machine learning primitives. This course is intended to have three modules, and within each we will cover basic theory, and implementations. The modules will be supervised learning, unsupervised learning, and finally topics that are motivated by engineering applications such as speech recognition, and recommendation systems. Supervised learning will include regression, support vector machines, decision trees, random forests, naïve Bayes, boosting and bagging. Unsupervised learning includes clustering, k-means, k-NN, principal components analysis and other dimensionality reduction methods. We will give particular emphasis on engineering applications, e.g., text data, hand-writing, music, image, and time series data, and categorical datasets such those in recommendation systems. The course will have a programming component, which will be administered in the form of assignments, and in-class-kaggle competitions."
65,Computer Networks and Telecommunications,4450,"This is a senior-level course in information networking with an emphasis on wireless technology. Examples of topics include: 5G cellular, the latest WiFi standards, Bluetooth, routing and switching, congestion control, network security, and user privacy. Though the focus will be on communication networking technologies, downstream legal and social issues that arise from design decisions will be discussed."
66,Electric Power Systems I,4510,"Acquaints students with modern electric power system modeling, analysis and computation. Stresses analysis techniques appropriate for power system modeling, analysis and power flow computation. Topics include transmission line models, transformers and per unit system, generator models, network matrices, power flow analysis and computation, real and reactive power control, voltage control, economic dispatch."
67,Analog Integrated Circuit Design,4530,"Overview of devices available to analog integrated-circuit designers in modern CMOS and BiCMOS processes: resistors, capacitors, MOS transistors, and bipolar transistors. Basic building blocks for linear analog integrated circuits: single-stage amplifiers, current mirrors, and differential pairs. Transistor-level design of linear analog integrated circuits, such as operational amplifiers and operational transconductance amplifiers. Layout techniques for analog integrated circuits. Throughout the course, emphasis is placed on design-oriented analysis techniques."
68,Power Electronics,4560,"Power electronics is an enabling technology for sustainable and energy efficient systems, as all renewable energy sources (including solar and wind) and efficient electrical loads (including LED lighting and electric vehicles) require a power electronic converter to interface them with the electrical grid. Power electronic converters, being inherently non-linear/time-variant circuits, cannot be analyzed using linear time-invariant (LTI) circuit analysis techniques, nor conventional small-signal linearization techniques taught in introductory circuits (ECE 2100) and microelectronics (ECE 3150) courses. This course, which will follow ECE 3150, will introduce advanced circuit analysis and modeling techniques required to predict the steady-state and dynamic behavior of power electronic converters. The course will also introduce seniors and first-year graduate students to other advanced topics which are required for the analysis and design of power converters, including power semiconductor device modeling, thermal modeling, magnetic component modeling, electromagnetic interference (EMI) filter design, and switching converter control design, at a level appropriate for them. This course will equip ECE students with the theoretical and practical skills needed to innovate in the area of power electronics, and allow them to succeed in graduate school and in the rapidly growing job market for power electronic engineers."
69,Electronic Device Fundamentals,4570,"Develops an understanding of device physics by principally focusing on silicon‐based structures. Starting with a look at carrier statistics, energy diagram and transport, the course analyzes the operation of diodes (p/n and Schottky) and bipolar junction transistors to elucidate operational principles in quasistatic, small‐signal and high‐frequency conditions. It then spends about two thirds of the time on metal‐oxide‐semiconductor structures and their transistors with an emphasis on advanced features of modern technology for digital and high frequency operation. The exploration encompasses long to short devices, inversion, strain, gate‐stack, silicon‐on‐insulator, tunneling, hot carriers, instabilities and reliability, and the non‐volatile memories. Accurate modeling, manufacturability and applications underlie this exploration. By using computer simulation and experimental data, the course culminates in a design project dealing with technical concerns in current VLSI industry. The goal for this course is to develop an understanding in the student of the working of the devices so that circuits, devices, and semiconductor processes can all be placed in a fulsome context of the modern integrated semiconductor integrated chip."
70,Introduction to Digital (VLSI) Design,4740,"Course is equal parts analytical and real-world practical design. Analytical topics include basic transistor physics, switching behavior of transistors, interconnect modelling, combinational and sequential logic, memories, timing analysis, optimization, computer arithmetic, and architecture transforms. Practical topics include routing strategies, floor planning and other application/specification-driven decision-making considerations for the multi-variate CMOS digital design space. Emphasis will be on full-custom design using Cadence. Supervised access to Phillips 314 will be offered, but course can be completed remotely."
71,Computer Architecture,4750,"This course aims to provide a strong foundation for students to understand modern computer system architecture and to apply these insights and principles to future computer designs. The course is structured around the three primary building blocks of general-purpose computing systems: processors, memories, and networks. The first half of the course focuses on the fundamentals of each building block. Topics include processor microcoding and pipelining; cache microarchitecture and optimization; and network topology, routing, and flow control. The second half of the course delves into more advanced techniques and will enable students to understand how these three building blocks can be integrated to build a modern shared-memory multicore system. Topics include superscalar execution, branch prediction, out-of-order execution, register renaming and memory disambiguation; VLIW, vector, and multithreaded processors; memory protection, translation, and virtualization; and memory synchronization, consistency, and coherence. This course includes a significant project decomposed into five lab assignments. Throughout the semester, students will gradually design, implement, test, and evaluate a complete multicore system capable of running real parallel applications at the register-transfer level."
72,Digital Systems Design Using Microcontrollers,4760,"Design of real-time digital systems using microprocessor-based embedded controllers. Students working in pairs design, debug, and construct several small systems that illustrate and employ the techniques of digital system design acquired in previous courses. The content focuses on the laboratory work. The lectures are used primarily for the introduction of examples, description of specific modules to be designed, and instruction in the hardware and high-level design tools to be employed."
73,Foundations of Robotics,4770,"Robotics is interdisciplinary and draws inspiration from many different fields towards solving a variety of tasks in real-world environments using physical systems. This course is a challenging introduction to basic computational concepts used broadly in robotics. By the end of this course, students should have a fundamental understanding of how the different sub-fields of robotics such as kinematics, state-estimation, motion planning, and controls come together to develop intelligent behaviors in physical robotic systems. The mathematical basis of each area will be emphasized, and concepts will be motivated using common robotics applications. Students will be evaluated using a mixture of theoretical and programming exercises throughout the semester. Students will also participate in group projects towards the end of the semester, in which they will implement algorithms discussed in class to real robotics problems."
74,Radio Frequency Systems,4880,"This course addresses the design of radio-frequency links in the component view to enable eventual full-duplex, multi-access wireless network. The analysis will reside mostly in the signal (SIMULINK) level instead of the circuit implementation, although the nonideal circuit characteristics will be reflected in the signal representation. Federal Communications Commission (FCC) and Occupational Safety & Health Administration (OSHA) standards will be introduced. Existing standard protocols will be selectively introduced including FM, TV broadcast, Bluetooth, Z-wave, Zigbee and Wi-fi to enable intuitive understanding of RF system tradeoffs."
75,ECE Technical Writing,4920,"Technical writing aimed at having students write up their ECE projects in a formal fashion, with a view to publication. Projects may be existing, or may be created as part of the independent study, but the writing requirement will match the current College technical writing requirement."
76,Special Topics in Electrical and Computer Engineering,4960,
77,Supervised Teaching Experience,4980,"This course is designed to give qualified undergraduates experience through actual involvement in planning and teaching courses under the supervision of department faculty. Students cannot receive both pay and credit for the same hours of preparation and teaching. Enrollment is with permission of instructor only. One credit of ECE 4980 is equivalent to 5 weekly work hours, including both student contact hours and preparatory/other time."
78,Electrical and Computer Engineering Group Projects,4998,"Group study, analysis, and, usually, experimental tests in connection with a special engineering project chosen by the students after consultation with the faculty member directing the project. New projects are added upon faculty request. Written progress reports are required."
79,Electrical and Computer Engineering Independent Projects,4999,Individual study or directed reading in connection with a special engineering problem chosen by the student after consultation with the faculty member directing the project. An engineering report on the project is required. Students must make individual arrangements with a faculty sponsor.
80,Professional Seminar for M.Eng. Students,5010,"This seminar introduces students to professional issues that are important as they begin their professional career. Topics include M.Eng. ECE project options; professional expectations; project planning and management; effective teamwork; technical writing and communications; impact of environmental, economic, and societal constraints in design; entrepreneurship possibilities; and career planning issues."
81,Random Signals in Communications and Signal Processing,5110,"Introduction to models for random signals in discrete and continuous time; Markov chains, Poisson process, queuing processes, power spectral densities, Gaussian random process. Response of linear systems to random signals. Elements of estimation and inference as they arise in communications and digital signal processing systems."
82,Model Based Systems Engineering,5120,"Fundamental ideas of systems engineering, and their application to design and development of various types of engineered systems. Defining system requirements, creating effective project teams, mathematical tools for system analysis and control, testing and evaluation, economic considerations, and the system life cycle. Content utilizes model-based systems engineering, which is the integration of systems modeling tools, such as SysML, with tools for systems analysis, such as Matlab and Modelica. The vision for this integration is the ability to create and analyze complete parametric representations of complex products and systems. These systems make it possible to investigate the impact of changing one aspect of a design on all other aspects of design and performance. This course will familiarize students with these modeling languages. Off-campus students must provide their own Windows 7, internet-connected, computer with administrator access in order to install the commercial software used in this course."
83,Principles of Magnetic Resonance Imaging,5180,"After a brief overview of all major medical modalities: x-ray, CT, MRI, SPECT/PET, and US, this course will focus on the formulations of spatial encoding and image contrasts as exemplified in MRI. The inverse problem between detected signal and image source will be discussed for biomedical applications. The concepts of image resolution, image contrast, SNR, and scan time will be illustrated quantitatively from an engineering point of view."
84,Quantum Physics and Engineering,5330,"Introduction to quantum physics and engineering for advanced undergraduate and beginning graduate students. Topics covered include historical developments, quantum postulates, Schrodinger equation, quantum states and observables, measurement in quantum mechanics, quantum confined states in potential wells and atoms, quantum tunneling, uncertainty relations, Dirac notation, angular momentum and spin, quantum dynamics, time-independent and time-dependent perturbation theories, quantum two-level systems, quantum information and the qubit, quantum computation and quantum circuits, identical particles, quantum statistics for fermions and bosons, fundamentals of quantum statistical physics, quantization of light and the photon, quantization of simple mechanical and electrical superconducting circuits. The course will enable students to take advanced courses in areas related to electronic and optical devices, solid state physics and material science, and quantum information and computation."
85,Semiconductor Physics,5350,"Interactions of electrons, holes, phonons, photons and spin in semiconductors and other materials used in devices. Charge, heat and spin transport, direct and indirect recombination and emission processes, deep levels and interface effects, and their behavior in bulk and at nanoscale."
86,Developing and Designing Interactive Devices,5413,"This course covers the human-centered and technical workings behind interactive devices ranging from cell phones and video controllers to household appliances and smart cars. This is a hands-on, lab-based course. For the final project, students will build a functional IoT prototype of their own design, using Javascript, single-board Linux computer, embedded microcontrollers, and/or other electronic components. Topics include electronics prototyping, interface design, sensors and actuators, microcontroller development, physical prototyping, and user testing."
87,Applied Machine Learning,5414,"Learn and apply key concepts of modeling, analysis and validation from machine learning, data mining and signal processing to analyze and extract meaning from data. Implement algorithms and perform experiments on images, text, audio and mobile sensor measurements. Gain working knowledge of supervised and unsupervised techniques including classification, regression, clustering, feature selection, and dimensionality reduction."
88,Applied Digital Signal Processing and Communications,5415,"This course teaches some fundamentals of digital signal processing (DSP) and communication using a balanced mix between math and hands-on experiments. The course will start by teaching basic concepts in signals and systems. We will then cover topics in time-frequency analysis, sampling, filters, audio signal communication, quantization, source coding, and compressed sensing. We will use multiple hands-on programming assignments to demonstrate the concepts we cover in class and problem sets that will help students practice with the theory. A background in linear algebra and probability will be critical to follow the theoretical aspects. All coding will be done in Python."
89,Fundamentals of Machine Learning,5420,"The course will be devoted to understanding, implementation, and applications of various machine learning primitives. This course is intended to have three modules, and within each we will cover basic theory, and implementations. The modules will be supervised learning, unsupervised learning, and finally topics that are motivated by engineering applications such as speech recognition, and recommendation systems. Supervised learning will include regression, support vector machines, decision trees, random forests, naïve Bayes, boosting and bagging. Unsupervised learning includes clustering, k-means, k-NN, principal components analysis and other dimensionality reduction methods. We will give particular emphasis on engineering applications, e.g., text data, hand-writing, music, image, and time series data, and categorical datasets such those in recommendation systems. The course will have a programming component, which will be administered in the form of assignments, and in-class-kaggle competition"
90,Computer Vision,5470,"Covers computer acquisition and analysis of image data with emphasis on techniques for robot vision. Concentrates on descriptions of objects at three levels of abstraction: segmented images (images organized into subimages that are likely to correspond to interesting objects), geometric structures (quantitative models of image and world structures), and relational structures (complex symbolic descriptions of images and world structures). The programming of several computer-vision algorithms is required."
91,Electric Power Systems I,5510,"Acquaints students with modern electric power system modeling, analysis and computation. Stresses analysis techniques appropriate for power system modeling, analysis and power flow computation. Topics include transmission line models, transformers and per unit system, generator models, network matrices, power flow analysis and computation, real and reactive power control, voltage control, economic dispatch."
92,Introduction to Digital (VLSI) Design,5515,"Course is equal parts analytical and real-world practical design. Analytical topics include basic transistor physics, switching behavior of transistors, interconnect modelling, combinational and sequential logic, memories, timing analysis, optimization, computer arithmetic, and architecture transforms. Practical topics include routing strategies, floor planning and other application/specification-driven decision-making considerations for the multi-variate CMOS digital design space. Emphasis will be on full-custom design using Cadence."
93,Power System Economics and Electricity Markets,5520,"This graduate-level course covers the fundamentals of power systems economics and electricity markets, emphasizing the application of microeconomics and optimization tools.  The course introduces basic microeconomic concepts in the context of retail and wholesale electricity markets:  consumer preference, consumer choice, production costs and profit maximization, individual and market demand and supply functions, competitive markets and equilibria, welfare optimization, market power, monopoly and price discrimination, regulated monopoly and utility pricing. The course covers electricity market design: energy markets, reserve markets, ancillary service markets, capacity markets, ancillary service markets, scarcity pricing, capacity markets, financial transmission rights, inter-regional transaction markets, and virtual transaction markets.  Advanced topics on distributed energy resources and energy aggregation are discussed and assigned as part of class projects."
94,Analog Integrated Circuit Design,5530,"Overview of devices available to analog integrated-circuit designers in modern CMOS and BiCMOS processes: resistors, capacitors, MOS transistors, and bipolar transistors. Basic building blocks for linear analog integrated circuits: single-stage amplifiers, current mirrors, and differential pairs. Transistor-level design of linear analog integrated circuits, such as operational amplifiers and operational transconductance amplifiers. Layout techniques for analog integrated circuits. Throughout the course, emphasis is placed on design-oriented analysis techniques."
95,Power Electronics,5560,"Power electronics is an enabling technology for sustainable and energy efficient systems, as all renewable energy sources (including solar and wind) and efficient electrical loads (including LED lighting and electric vehicles) require a power electronic converter to interface them with the electrical grid. Power electronic converters, being inherently non-linear/time-variant circuits, cannot be analyzed using linear time-invariant (LTI) circuit analysis techniques, nor conventional small-signal linearization techniques taught in introductory circuits (ECE 2100) and microelectronics (ECE 3150) courses. This course, which will follow ECE 3150, will introduce advanced circuit analysis and modeling techniques required to predict the steady-state and dynamic behavior of power electronic converters. The course will also introduce seniors and first-year graduate students to other advanced topics which are required for the analysis and design of power converters, including power semiconductor device modeling, thermal modeling, magnetic component modeling, electromagnetic interference (EMI) filter design, and switching converter control design, at a level appropriate for them. This course will equip ECE students with the theoretical and practical skills needed to innovate in the area of power electronics, and allow them to succeed in graduate school and in the rapidly growing job market for power electronic engineers."
96,Computer Networks and Telecommunications,5660,"This is a senior-level course in information networking with an emphasis on wireless technology. Examples of topics include: 5G cellular, the latest WiFi standards, Bluetooth, routing and switching, congestion control, network security, and user privacy. Though the focus will be on communication networking technologies, downstream legal and social issues that arise from design decisions will be discussed."
97,Radio Frequency Systems,5690,"This course addresses the design of radio-frequency links in the component view to enable eventual full-duplex, multi-access wireless network. The analysis will reside mostly in the signal (SIMULINK) level instead of the circuit implementation, although the nonideal circuit characteristics will be reflected in the signal representation. Federal Communications Commission (FCC) and Occupational Safety & Health Administration (OSHA) standards will be introduced. Existing standard protocols will be selectively introduced including FM, TV broadcast, Bluetooth, Z-wave, Zigbee and Wi-fi to enable intuitive understanding of RF system tradeoffs."
98,Design with Embedded Operating Systems,5725,"Design of microcontroller based systems using embedded Linux. Student teams design and debug example solutions on a target microcontroller (for example, Raspberry Pi) during lab sessions. Emphasis will be on application and Linux programming skills, processor and microcontroller architecture with some discussion of hardware interfaces. Students create a final, end-ofsemester project using the microcontroller platform and development techniques discussed during the semester."
99,Digital Systems Design Using Microcontrollers,5730,"Design of real-time digital systems using microprocessor-based embedded controllers. Students working in pairs design, debug, and construct several small systems that illustrate and employ the techniques of digital system design acquired in previous courses. The content focuses on the laboratory work. The lectures are used primarily for the introduction of examples, description of specific modules to be designed, and instruction in the hardware and high-level design tools to be employed."
100,Computer Architecture,5740,"This course aims to provide a strong foundation for students to understand modern computer system architecture and to apply these insights and principles to future computer designs. The course is structured around the three primary building blocks of general-purpose computing systems: processors, memories, and networks. The first half of the course focuses on the fundamentals of each building block. Topics include processor microcoding and pipelining; cache microarchitecture and optimization; and network topology, routing, and flow control. The second half of the course delves into more advanced techniques and will enable students to understand how these three building blocks can be integrated to build a modern shared-memory multicore system. Topics include superscalar execution, branch prediction, out-of-order execution, register renaming and memory disambiguation; VLIW, vector, and multithreaded processors; memory protection, translation, and virtualization; and memory synchronization, consistency, and coherence. This course includes a significant project decomposed into five lab assignments. Throughout the semester, students will gradually design, implement, test, and evaluate a complete multicore system capable of running real parallel applications at the register-transfer level."
101,Advanced Computer Architecture,5750,"This course discusses advanced topics in computer architecture beyond the material that is covered in undergraduate courses such as ECE 4750/CS 4420. In particular, the course places special focus on multicore and multiprocessor architectures (coherence, consistency, synchronization, interconnects, OS support, etc.), as well as advanced architecture techniques (simultaneous multithreading, speculative loads and stores, neural branch predictors, hardware resource management, memory scheduling, etc.) Students work on parallel programming assignments that emphasize hardware-aware performance optimization."
102,Control and Optimization of Information Networks,5800,"Introduction to current research directions in networking featuring the Internet. Assumes basic knowledge of signals and systems as well as random processes. Necessary tools from optimization, dynamical systems, and related economic theory are introduced. Research topics may include layering, routing, medium access control, flow control, and peer-to-peer networks. Students are expected to hand in homework assignments, discuss one set of papers in class, and participate in a course project."
